<?xml version="1.0" encoding="utf-8" ?>
<Patch>

	<Operation Class="PatchOperationSequence">
		<success>Always</success> 
		<operations>
		<li Class="PatchOperationReplace"> 
			<xpath>*/ThingDef[defName = "Battery"]/label</xpath>
			<value>
			<label>steel battery</label>
			</value>
		</li>
		</operations>
	</Operation>

	<Operation Class="PatchOperationReplace">
		<xpath>*/ThingDef[defName = "Battery"]/description</xpath>
		<value>
			<description>Stores electricity for later use. Steel batteries will short-circuit in rain, can break down, but generate no heat.</description>
		</value>
	</Operation>

	<Operation Class="PatchOperationReplace">
		<xpath>*/ResearchProjectDef[defName = "Batteries"]/label</xpath>
		<value>
			<label>basic battery</label>
		</value>
	</Operation>
  
	<Operation Class="PatchOperationAdd">
		<xpath>*/ThingDef[defName = "Battery"]</xpath>
		<value>
			<designatorDropdown>Batteries</designatorDropdown>
		</value>
	</Operation>

	<Operation Class="PatchOperationReplace">
		<xpath>*/ThingDef[defName = "Battery"]/comps/li[@Class="CompProperties_Battery"]</xpath>
		<value>
			<li Class="CompProperties_Battery">
				<storedEnergyMax>750</storedEnergyMax>
				<efficiency>0.5</efficiency>
				<shortCircuitInRain>true</shortCircuitInRain>
				<transmitsPower>true</transmitsPower>
			</li>
		</value>
	</Operation>
	
	<Operation Class="PatchOperationReplace">
		<xpath>*/ThingDef[defName = "Battery"]/costList</xpath>
		<value>
			<costList>
			  <Steel>100</Steel>
			  <ComponentIndustrial>2</ComponentIndustrial>
			</costList>
		</value>
	</Operation>
	
</Patch>