﻿<?xml version="1.0" encoding="utf-8"?>
<ModMetaData>
    <name>[SYR] Metallic Batteries</name>
    <author>Syrchalis</author>
	<url>https://ludeon.com/forums/index.php?topic=43449</url>
    <packageId>syrchalis.metallicbatteries</packageId>
    <supportedVersions>
        <li>1.0</li>
        <li>1.1</li>
        <li>1.2</li>
        <li>1.3</li>
        <li>1.4</li>
    </supportedVersions>
    <description>Adds batteries made of different metals with different stats.
	
For details, refer to the workshop page.</description>
    <modDependencies>
        <li>
            <packageId>brrainz.harmony</packageId>
            <displayName>Harmony</displayName>
            <steamWorkshopUrl>steam://url/CommunityFilePage/2009463077</steamWorkshopUrl>
            <downloadUrl>https://github.com/pardeike/HarmonyRimWorld/releases/latest</downloadUrl>
        </li>
    </modDependencies>
	<loadAfter>
		<li>brrainz.harmony</li>
		<li>Ludeon.RimWorld</li>
		<li>Ludeon.RimWorld.Royalty</li>
	</loadAfter>
</ModMetaData>